<?xml version="1.0" encoding="UTF-8"?>
<project-private xmlns="http://www.netbeans.org/ns/project-private/1">
    <editor-bookmarks xmlns="http://www.netbeans.org/ns/editor-bookmarks/2" lastBookmarkId="0"/>
    <open-files xmlns="http://www.netbeans.org/ns/projectui-open-files/2">
        <group>
            <file>file:/C:/Users/Jeremy/Documents/NetBeansProjects/FitApp/src/fitapp/JSONProgress.java</file>
            <file>file:/C:/Users/Jeremy/Documents/NetBeansProjects/FitApp/src/fitapp/JSONParser.java</file>
            <file>file:/C:/Users/Jeremy/Documents/NetBeansProjects/FitApp/src/fitapp/Welcome.java</file>
            <file>file:/C:/Users/Jeremy/Documents/NetBeansProjects/FitApp/src/fitapp/createProfile.java</file>
            <file>file:/C:/Users/Jeremy/Documents/NetBeansProjects/FitApp/src/fitapp/diets.java</file>
            <file>file:/C:/Users/Jeremy/Documents/NetBeansProjects/FitApp/src/fitapp/profile.java</file>
            <file>file:/C:/Users/Jeremy/Documents/NetBeansProjects/FitApp/src/fitapp/workouts.java</file>
            <file>file:/C:/Users/Jeremy/Documents/NetBeansProjects/FitApp/src/fitapp/viewController.java</file>
            <file>file:/C:/Users/Jeremy/Documents/NetBeansProjects/FitApp/src/fitapp/app.java</file>
            <file>file:/C:/Users/Jeremy/Documents/NetBeansProjects/FitApp/src/fitapp/LoginUI.java</file>
        </group>
    </open-files>
</project-private>
